<?xml version="1.0" encoding="utf-8"?><feed xmlns="http://www.w3.org/2005/Atom" ><generator uri="https://jekyllrb.com/" version="3.9.0">Jekyll</generator><link href="http://localhost:4000/feed.xml" rel="self" type="application/atom+xml" /><link href="http://localhost:4000/" rel="alternate" type="text/html" /><updated>2020-10-14T20:38:47-05:00</updated><id>http://localhost:4000/feed.xml</id><title type="html">Bionanotech SAS</title><subtitle>Servicios en tecnologías emergentes para la salud</subtitle><entry><title type="html">Nanotecnologías para manejar la pandemia Covid-19</title><link href="http://localhost:4000/2020/05/21/Nanotecnologias-covid.html" rel="alternate" type="text/html" title="Nanotecnologías para manejar la pandemia Covid-19" /><published>2020-05-21T00:00:00-05:00</published><updated>2020-05-21T00:00:00-05:00</updated><id>http://localhost:4000/2020/05/21/Nanotecnologias-covid</id><content type="html" xml:base="http://localhost:4000/2020/05/21/Nanotecnologias-covid.html">&lt;p&gt;Los momentos de dificultad con frecuencia nos retan para mejorar. Hoy con la pandemia es la oportunidad de evidenciar cerca de 32 desarrollos tecnológicos para la lucha contra el Covid-19 basados en nanotecnología. En la imagen encontrarán ejemplos de estas:&lt;/p&gt;

&lt;p align=&quot;center&quot;&gt; 
&lt;img src=&quot;\assets\images\post\nano_and_covid.png&quot; /&gt;
&lt;/p&gt;</content><author><name>Fernando Pastrana</name></author><summary type="html">Los momentos de dificultad con frecuencia nos retan para mejorar. Hoy con la pandemia es la oportunidad de evidenciar cerca de 32 desarrollos tecnológicos para la lucha contra el Covid-19 basados en nanotecnología. En la imagen encontrarán ejemplos de estas:</summary></entry><entry><title type="html">Feliz cumpleaños BIONANOTECH SAS</title><link href="http://localhost:4000/2020/05/17/Cumple-3.html" rel="alternate" type="text/html" title="Feliz cumpleaños BIONANOTECH SAS" /><published>2020-05-17T00:00:00-05:00</published><updated>2020-05-17T00:00:00-05:00</updated><id>http://localhost:4000/2020/05/17/Cumple-3</id><content type="html" xml:base="http://localhost:4000/2020/05/17/Cumple-3.html">&lt;p&gt;Hoy cumplimos 3 años de actividades, en pro del manejo seguro de tecnologías emergentes&lt;/p&gt;

&lt;p align=&quot;center&quot;&gt; 
&lt;img src=&quot;\assets\images\post\birthday_3.png&quot; /&gt;
&lt;/p&gt;</content><author><name>Fernando Pastrana</name></author><summary type="html">Hoy cumplimos 3 años de actividades, en pro del manejo seguro de tecnologías emergentes</summary></entry><entry><title type="html">Nuevos test de latelar-flow detecta presencia del nCoV19 en el 10% del tiempo y por el 25% del valor</title><link href="http://localhost:4000/2020/03/11/nuevos-test.html" rel="alternate" type="text/html" title="Nuevos test de latelar-flow detecta presencia del nCoV19 en el 10% del tiempo y por el 25% del valor" /><published>2020-03-11T00:00:00-05:00</published><updated>2020-03-11T00:00:00-05:00</updated><id>http://localhost:4000/2020/03/11/nuevos-test</id><content type="html" xml:base="http://localhost:4000/2020/03/11/nuevos-test.html">&lt;p&gt;Una empresa de base canadiense ha desarrollado un test con nanotecnología llamada “nanorod” la cual permite identificar el nCoV19 mucho mas rapido, solo 5-15 minutos, que la técnica usual llamada PCR (protein chain reaction) la cual requiere de 2 a 4 horas. Adicionalmente, su costo puede reducirse de 200 dólares a 50 dólares. Esto puede permitir diagnósticos mucho más rápidos y con una mayor población valorada. Para más información &lt;a href=&quot;https://nano-magazine.com/news/2020/2/27/startup-develops-quick-response-test-for-coronavirus&quot;&gt;aqui&lt;/a&gt; .&lt;/p&gt;</content><author><name>Fernando Pastrana</name></author><summary type="html">Una empresa de base canadiense ha desarrollado un test con nanotecnología llamada “nanorod” la cual permite identificar el nCoV19 mucho mas rapido, solo 5-15 minutos, que la técnica usual llamada PCR (protein chain reaction) la cual requiere de 2 a 4 horas. Adicionalmente, su costo puede reducirse de 200 dólares a 50 dólares. Esto puede permitir diagnósticos mucho más rápidos y con una mayor población valorada. Para más información aqui .</summary></entry><entry><title type="html">El sistema olfatorio y su intrincada interacción con nanomateriales</title><link href="http://localhost:4000/2020/01/18/el-sistema-olfatorio.html" rel="alternate" type="text/html" title="El sistema olfatorio y su intrincada interacción con nanomateriales" /><published>2020-01-18T00:00:00-05:00</published><updated>2020-01-18T00:00:00-05:00</updated><id>http://localhost:4000/2020/01/18/el-sistema-olfatorio</id><content type="html" xml:base="http://localhost:4000/2020/01/18/el-sistema-olfatorio.html">&lt;p&gt;En el último año las células del sistema olfatorio han demostrado hacer más que limitarse a trasmitir la percepción de olores. En el caso de nanomateriales se ha identificado que estos pueden penetrar desde las fosas nasales hasta llegar al cerebro, específicamente al hipocampo, dependiendo de su composición química y estructura.&lt;/p&gt;

&lt;p align=&quot;center&quot;&gt; 
&lt;img src=&quot;\assets\images\post\brain_antique.png&quot; /&gt;
&lt;/p&gt;

&lt;p&gt;En el caso de nanopárticulas de magnesio estas pueden difundirse a través de las sinapsis, en contraste nanopárticulas de silicio parecen ser bloqueadas por las mismas células olfatorias. Esto descubrió Mikhail Moshkin y su grupo de investigadores en &lt;a href=&quot;http://en.tsu.ru/news/tsu-found-how-nanoparticles-from-the-environment-enter-the-brain/&quot;&gt;TSU&lt;/a&gt; en Rusia.&lt;/p&gt;

&lt;p&gt;Los hallazgos aun no han sido publicados al parecer pero demuestra la maravillosa interacciones entre nanomateriales y los potenciales retos y posibilidades que su uso tiene. Los experimentos fueron realizados en ratones. En el siguiente link pueden obtener más información &lt;a href=&quot;http://en.tsu.ru/news/tsu-found-how-nanoparticles-from-the-environment-enter-the-brain/&quot;&gt;aqui&lt;/a&gt;&lt;/p&gt;

&lt;p&gt;Es común leer o escuchar o ver en medios de ciencia y tecnología estos dos términos juntos, nanotecnología y biotecnología. Pero que las diferencia o de qué se tratan o como se nutren mutuamente. El siguiente link puntualiza de manera muy sencilla estos aspectos &lt;a href=&quot;https://www.biospace.com/article/looking-at-nanotechnology-in-biotechnology/.&quot;&gt;LINK&lt;/a&gt;&lt;/p&gt;

&lt;p&gt;Espero sea de su agrado y cualquier comentario o discusión que contribuya podremos trabajarla.&lt;/p&gt;

&lt;p&gt;Saludos&lt;/p&gt;

&lt;p&gt;Bionanotech SAS&lt;/p&gt;</content><author><name>Fernando Pastrana</name></author><summary type="html">En el último año las células del sistema olfatorio han demostrado hacer más que limitarse a trasmitir la percepción de olores. En el caso de nanomateriales se ha identificado que estos pueden penetrar desde las fosas nasales hasta llegar al cerebro, específicamente al hipocampo, dependiendo de su composición química y estructura.</summary></entry><entry><title type="html">Nanotecnología y biotecnología cómo se comen</title><link href="http://localhost:4000/2019/05/24/Nanotecnologia-biotecnologia.html" rel="alternate" type="text/html" title="Nanotecnología y biotecnología cómo se comen" /><published>2019-05-24T00:00:00-05:00</published><updated>2019-05-24T00:00:00-05:00</updated><id>http://localhost:4000/2019/05/24/Nanotecnologia-biotecnologia</id><content type="html" xml:base="http://localhost:4000/2019/05/24/Nanotecnologia-biotecnologia.html">&lt;p align=&quot;center&quot;&gt; 
&lt;img src=&quot;\assets\images\post\nano_and_bio.png&quot; /&gt;
&lt;/p&gt;

&lt;p&gt;Es común leer o escuchar o ver en medios de ciencia y tecnología estos dos términos juntos, nanotecnología y biotecnología. Pero que las diferencia o de qué se tratan o como se nutren mutuamente. El siguiente link puntualiza de manera muy sencilla estos aspectos &lt;a href=&quot;https://www.biospace.com/article/looking-at-nanotechnology-in-biotechnology/.&quot;&gt;LINK&lt;/a&gt;&lt;/p&gt;

&lt;p&gt;Espero sea de su agrado y cualquier comentario o discusión que contribuya podremos trabajarla.&lt;/p&gt;

&lt;p&gt;Saludos&lt;/p&gt;

&lt;p&gt;Bionanotech SAS&lt;/p&gt;</content><author><name>Fernando Pastrana</name></author><summary type="html"></summary></entry></feed>